index,y_true,y_pred,lims
0,10.23359,10.28376,0.0
1,2.276358,2.2787046,0.06018054162487462
2,1.8672339999999998,1.8738292,0.12036108324974924
3,20.750238,20.807133,0.18054162487462386
4,2.904576,2.9169226,0.24072216649949849
5,4.093419,4.0938654,0.3009027081243731
6,2.683575,2.6932154,0.3610832497492477
7,2.877758,2.8874483,0.42126379137412234
8,2.894757,2.8902762,0.48144433299899697
9,9.822876,9.859505,0.5416248746238715
10,1.824271,1.8350668,0.6018054162487462
11,6.922062,6.9292064,0.6619859578736208
12,3.677232,3.6953356,0.7221664994984954
13,2.320196,2.3473551,0.7823470411233701
14,3.974124,3.9964929,0.8425275827482447
15,4.560069,4.5652957,0.9027081243731193
16,8.948091,8.976926,0.9628886659979939
17,5.17139,5.204019,1.0230692076228685
18,2.884855,2.8840113,1.083249749247743
19,3.3766909999999997,3.391682,1.1434302908726177
20,1.568846,1.5875041,1.2036108324974923
21,3.7741919999999998,3.7876983,1.263791374122367
22,3.7775720000000006,3.7820055,1.3239719157472416
23,10.276254,10.288323,1.3841524573721162
24,2.277923,2.3022513,1.4443329989969909
25,2.559533,2.574825,1.5045135406218655
26,4.378417,4.386501,1.5646940822467401
27,2.405611,2.4096444,1.6248746238716147
28,5.318115000000001,5.34661,1.6850551654964894
29,2.517858,2.5225828,1.745235707121364
30,18.720607,18.78016,1.8054162487462386
31,3.248284,3.245495,1.8655967903711133
32,3.079047,3.0954072,1.9257773319959879
33,2.773542,2.7893617,1.9859578736208625
34,2.258919,2.2819405,2.046138415245737
35,3.639452,3.6608312,2.1063189568706115
36,3.4480010000000005,3.476872,2.166499498495486
37,2.566956,2.5752215,2.226680040120361
38,2.080453,2.0893276,2.2868605817452354
39,2.765238,2.7684207,2.34704112337011
40,5.492607,5.5077705,2.4072216649949847
41,2.528834,2.535428,2.4674022066198593
42,3.060804,3.0694673,2.527582748244734
43,1.9292119999999997,1.9213502,2.5877632898696086
44,2.897484,2.8868675,2.647943831494483
45,2.479063,2.4869866,2.708124373119358
46,4.436803,4.4317503,2.7683049147442325
47,1.905427,1.9130888,2.828485456369107
48,3.9831470000000007,3.9972334,2.8886659979939817
49,4.043347,4.0398135,2.9488465396188563
50,2.60317,2.6052113,3.009027081243731
51,3.3258789999999996,3.3417804,3.0692076228686056
52,5.593032,5.5953636,3.1293881644934802
53,1.83226,1.8344012,3.189568706118355
54,5.834877,5.830673,3.2497492477432295
55,3.489505,3.5132895,3.309929789368104
56,3.323603,3.3287752,3.3701103309929787
57,35.353988,35.67686,3.4302908726178534
58,3.686475,3.6832578,3.490471414242728
59,2.972033,2.9779954,3.5506519558676026
60,4.51688,4.520985,3.6108324974924773
61,1.934453,1.9377159,3.671013039117352
62,4.832524000000001,4.8597603,3.7311935807422265
63,4.776018,4.79175,3.791374122367101
64,3.8587640000000003,3.8720248,3.8515546639919758
65,1.7526570000000001,1.7581733,3.9117352056168504
66,2.19259,2.2007039,3.971915747241725
67,2.558529,2.5734642,4.032096288866599
68,1.716552,1.7306575,4.092276830491474
69,3.8759410000000005,3.9011805,4.1524573721163485
70,3.600736,3.6248713,4.212637913741223
71,7.4431,7.4171944,4.272818455366098
72,3.5889629999999997,3.585691,4.332998996990972
73,49.819284,49.576447,4.393179538615847
74,2.370146,2.3926797,4.453360080240722
75,5.873852,5.8765244,4.513540621865596
76,4.050702,4.0519013,4.573721163490471
77,2.547101,2.5599363,4.6339017051153455
78,2.636624,2.6337821,4.69408224674022
79,2.16235,2.159554,4.754262788365095
80,1.862155,1.8704746,4.814443329989969
81,3.909653,3.9217038,4.874623871614844
82,3.439216,3.4440656,4.934804413239719
83,2.997928,2.9957278,4.994984954864593
84,3.1408850000000004,3.1449604,5.055165496489468
85,4.370555,4.389237,5.1153460381143425
86,13.535158,13.553382,5.175526579739217
87,2.922159,2.9438212,5.235707121364092
88,6.831167,6.8392196,5.295887662988966
89,3.472263,3.490724,5.356068204613841
90,4.063023,4.0954657,5.416248746238716
91,6.605436000000001,6.623077,5.47642928786359
92,4.300286000000001,4.2989597,5.536609829488465
93,3.061389,3.065409,5.5967903711133395
94,2.180149,2.1779985,5.656970912738214
95,2.481214,2.4984188,5.717151454363089
96,4.398736000000001,4.4026356,5.777331995987963
97,2.337364,2.3426933,5.837512537612838
98,2.905001,2.9053164,5.897693079237713
99,4.369924,4.388642,5.957873620862587
100,2.067244,2.0678966,6.018054162487462
101,2.895852,2.908256,6.078234704112337
102,3.787784,3.8090415,6.138415245737211
103,1.9642350000000002,1.9720672,6.198595787362086
104,2.52223,2.5246403,6.2587763289869605
105,7.555947,7.5975213,6.318956870611835
106,5.010352000000001,5.0578523,6.37913741223671
107,4.613381000000001,4.647318,6.439317953861584
108,3.338902,3.3565304,6.499498495486459
109,2.264313,2.2866023,6.559679037111334
110,1.580045,1.5936385,6.619859578736208
111,4.188981,4.2059317,6.680040120361083
112,2.004184,2.0131083,6.7402206619859575
113,1.5798640000000002,1.5805553,6.800401203610832
114,2.447449,2.4551587,6.860581745235707
115,6.775879,6.7989674,6.920762286860581
116,36.725638,36.700474,6.980942828485456
117,1.492927,1.5154339,7.041123370110331
118,4.686359000000001,4.704303,7.101303911735205
119,4.442186000000001,4.465459,7.16148445336008
120,3.734405,3.7505982,7.2216649949849545
121,2.637899,2.6424756,7.281845536609829
122,3.253506,3.289173,7.342026078234704
123,2.816857,2.82518,7.402206619859578
124,3.285331,3.289224,7.462387161484453
125,2.651879,2.65265,7.522567703109328
126,3.595538,3.619939,7.582748244734202
127,3.8688790000000006,3.8960655,7.642928786359077
128,4.062997,4.0679626,7.7031093279839515
129,9.264862,9.258447,7.763289869608826
130,10.863284,10.888588,7.823470411233701
131,7.569124,7.5594654,7.883650952858575
132,1.95399,1.9547726,7.94383149448345
133,5.526152000000001,5.5351944,8.004012036108325
134,3.339457,3.3581462,8.064192577733198
135,3.449915,3.4652615,8.124373119358074
136,1.6755039999999999,1.6849095,8.184553660982948
137,2.392518,2.396918,8.244734202607823
138,2.043081,2.0513608,8.304914744232697
139,1.701176,1.694376,8.365095285857572
140,3.1744470000000002,3.199614,8.425275827482446
141,2.318258,2.3315713,8.485456369107322
142,1.912305,1.9149325,8.545636910732195
143,3.087244,3.095689,8.605817452357071
144,2.638308,2.6398883,8.665997993981945
145,2.15753,2.1732135,8.72617853560682
146,3.7766689999999996,3.7868981,8.786359077231694
147,3.2488489999999994,3.2407966,8.84653961885657
148,3.543577,3.5426195,8.906720160481443
149,1.925627,1.9400482,8.966900702106319
150,3.985235,3.9809372,9.027081243731192
151,2.142728,2.1537707,9.087261785356068
152,5.967541000000001,5.9768667,9.147442326980942
153,1.7926760000000002,1.8088862,9.207622868605817
154,2.609334,2.627754,9.267803410230691
155,1.977939,1.9883423,9.327983951855567
156,2.785406,2.7921245,9.38816449348044
157,2.560098,2.5654633,9.448345035105316
158,25.565655,25.63413,9.50852557673019
159,3.937858,3.9593816,9.568706118355065
160,3.044278,3.0402083,9.628886659979939
161,3.3931070000000005,3.4105895,9.689067201604814
162,3.920806,3.9388723,9.749247743229688
163,2.935972,2.947013,9.809428284854564
164,2.720069,2.7328343,9.869608826479437
165,2.75117,2.7408848,9.929789368104313
166,4.338557,4.340859,9.989969909729187
167,4.230567,4.222926,10.050150451354062
168,4.643731000000001,4.647658,10.110330992978936
169,4.260229000000001,4.268993,10.170511534603811
170,2.767245,2.7802067,10.230692076228685
171,2.920246,2.9482973,10.29087261785356
172,5.108340000000001,5.109508,10.351053159478434
173,7.129668,7.0944037,10.41123370110331
174,7.615792000000001,7.6296115,10.471414242728184
175,4.670299000000001,4.6648235,10.531594784353059
176,4.945542,4.9516544,10.591775325977933
177,5.104499,5.115905,10.651955867602808
178,3.4510970000000003,3.4634418,10.712136409227682
179,32.65414,32.90351,10.772316950852558
180,3.3448409999999997,3.3559852,10.832497492477431
181,2.104542,2.1039572,10.892678034102307
182,1.57704,1.5831538,10.95285857572718
183,1.83345,1.8355156,11.013039117352056
184,3.046269,3.0527477,11.07321965897693
185,3.505838,3.5248532,11.133400200601805
186,2.17508,2.186165,11.193580742226679
187,3.261227,3.2861977,11.253761283851555
188,2.552017,2.552782,11.313941825476428
189,3.6647940000000006,3.6659617,11.374122367101304
190,3.79834,3.79528,11.434302908726178
191,3.8829430000000005,3.8965259,11.494483450351053
192,2.524086,2.5199559,11.554663991975927
193,5.140409000000001,5.1465416,11.614844533600802
194,7.67032,7.6836786,11.675025075225676
195,2.556159,2.5476346,11.735205616850552
196,4.135442,4.1392384,11.795386158475425
197,3.019867,3.032601,11.855566700100301
198,2.792855,2.8199024,11.915747241725175
199,2.546617,2.5489473,11.97592778335005
200,3.4015029999999995,3.3973773,12.036108324974924
201,7.252770000000001,7.2475815,12.0962888665998
202,1.7632219999999998,1.7740179,12.156469408224673
203,4.690565,4.7129536,12.216649949849549
204,4.046825,4.0559554,12.276830491474422
205,7.253313000000001,7.2478876,12.337011033099298
206,8.47024,8.450225,12.397191574724172
207,2.937768,2.9545636,12.457372116349047
208,5.2225410000000005,5.2331467,12.517552657973921
209,1.876232,1.8825098,12.577733199598796
210,14.306954,14.270764,12.63791374122367
211,5.208609000000001,5.1983376,12.698094282848546
212,3.736883,3.7537873,12.75827482447342
213,2.245597,2.2606213,12.818455366098295
214,3.781432,3.7652051,12.878635907723169
215,2.9939360000000006,2.9918687,12.938816449348044
216,2.48726,2.4942822,12.998996990972918
217,5.402214,5.419455,13.059177532597793
218,2.926871,2.9289637,13.119358074222667
219,3.5020110000000004,3.5235987,13.179538615847543
220,2.809709,2.7958176,13.239719157472416
221,1.6052449999999998,1.6095101,13.299899699097292
222,2.709059,2.7179286,13.360080240722166
223,3.799933,3.823307,13.420260782347041
224,26.755661,26.85572,13.480441323971915
225,8.892786,8.904515,13.54062186559679
226,2.6089,2.6495545,13.600802407221664
227,4.232895000000001,4.2448344,13.66098294884654
228,1.799418,1.7961854,13.721163490471413
229,2.869964,2.8686595,13.781344032096289
230,3.878846,3.8805552,13.841524573721163
231,1.430897,1.4329187,13.901705115346038
232,7.803782,7.8195367,13.961885656970912
233,3.123222,3.116354,14.022066198595788
234,2.369522,2.361945,14.082246740220661
235,3.6213209999999996,3.6267319,14.142427281845537
236,3.45621,3.4421299,14.20260782347041
237,14.167182,14.18169,14.262788365095286
238,3.45729,3.4702702,14.32296890672016
239,3.173465,3.1829114,14.383149448345035
240,3.062491,3.093133,14.443329989969909
241,4.562922,4.5853715,14.503510531594785
242,2.138378,2.141935,14.563691073219658
243,3.467673,3.4810212,14.623871614844534
244,2.079198,2.0869925,14.684052156469408
245,2.152969,2.1519341,14.744232698094283
246,4.046819,4.050971,14.804413239719157
247,6.675156,6.6636605,14.864593781344032
248,3.4610369999999997,3.4705067,14.924774322968906
249,2.650088,2.6757338,14.984954864593782
250,3.8387539999999998,3.843206,15.045135406218655
251,4.34969,4.353533,15.10531594784353
252,3.494758,3.5007613,15.165496489468405
253,2.226922,2.2245693,15.22567703109328
254,1.707073,1.7020129,15.285857572718154
255,3.97438,3.988499,15.34603811434303
256,3.460195,3.4792652,15.406218655967903
257,3.9443610000000002,3.953737,15.466399197592777
258,10.38377,10.415529,15.526579739217652
259,4.284657000000001,4.26463,15.586760280842526
260,2.576767,2.5876334,15.646940822467402
261,2.484243,2.4956503,15.707121364092275
262,2.009915,2.0291893,15.76730190571715
263,38.624189,38.72041,15.827482447342025
264,2.471666,2.4763477,15.8876629889669
265,3.450728,3.4695382,15.947843530591774
266,2.619964,2.6278784,16.00802407221665
267,4.030931,4.0596995,16.068204613841523
268,3.758921,3.7833622,16.128385155466397
269,2.041488,2.0550923,16.188565697091274
270,1.847809,1.8624907,16.248746238716148
271,2.72697,2.7557523,16.30892678034102
272,2.578591,2.580434,16.369107321965895
273,7.450753999999999,7.4613156,16.429287863590773
274,4.687175000000001,4.701414,16.489468405215646
275,3.742253,3.7463188,16.54964894684052
276,3.6007670000000003,3.609865,16.609829488465394
277,4.330901,4.3455915,16.67001003009027
278,2.44351,2.4583123,16.730190571715145
279,2.185794,2.1889236,16.79037111334002
280,1.5348240000000002,1.5555799,16.850551654964892
281,2.308863,2.311099,16.91073219658977
282,2.853663,2.867749,16.970912738214643
283,3.2383440000000006,3.2403436,17.031093279839517
284,15.363332,15.462305,17.09127382146439
285,3.6842740000000003,3.6911469,17.151454363089268
286,2.307991,2.3168285,17.211634904714142
287,2.052132,2.0515223,17.271815446339016
288,3.785527,3.796747,17.33199598796389
289,5.6544490000000005,5.670034,17.392176529588767
290,2.681087,2.695025,17.45235707121364
291,2.210872,2.2081087,17.512537612838514
292,1.9949020000000002,2.0037167,17.572718154463388
293,2.06435,2.0658402,17.632898696088265
294,3.30957,3.3047497,17.69307923771314
295,5.7315890000000005,5.7343,17.753259779338013
296,2.496678,2.4970565,17.813440320962886
297,2.431216,2.4449658,17.873620862587764
298,3.47401,3.4850116,17.933801404212637
299,6.378790000000001,6.4181046,17.99398194583751
300,2.519713,2.5321584,18.054162487462385
301,3.2222460000000006,3.2069438,18.114343029087262
302,25.141005,25.613602,18.174523570712136
303,2.54523,2.5493567,18.23470411233701
304,6.04657,6.0534954,18.294884653961883
305,4.5354280000000005,4.536485,18.35506519558676
306,2.440647,2.4454188,18.415245737211634
307,8.433711,8.437789,18.47542627883651
308,3.408733,3.4352179,18.535606820461382
309,4.387386,4.38738,18.59578736208626
310,4.220762,4.238602,18.655967903711133
311,43.853262,44.216022,18.716148445336007
312,2.330703,2.3336432,18.77632898696088
313,3.281897,3.2945979,18.836509528585758
314,2.695132,2.708414,18.89669007021063
315,17.880131,17.944754,18.956870611835505
316,2.186985,2.216033,19.01705115346038
317,5.9364170000000005,5.928362,19.077231695085256
318,4.440898000000001,4.4990864,19.13741223671013
319,3.1447459999999996,3.1508908,19.197592778335004
320,2.381312,2.3763125,19.257773319959878
321,3.05531,3.072931,19.317953861584755
322,3.113075,3.1016169,19.37813440320963
323,26.965773,26.994087,19.438314944834502
324,5.135361,5.1324744,19.498495486459376
325,2.874515,2.8754313,19.558676028084253
326,2.860986,2.8586478,19.618856569709127
327,4.593897000000001,4.624505,19.679037111334
328,8.679118,8.706253,19.739217652958875
329,1.731021,1.7333692,19.799398194583752
330,2.875772,2.8759496,19.859578736208626
331,31.288635,31.504816,19.9197592778335
332,3.7918210000000006,3.7915556,19.979939819458373
333,31.329543000000005,31.573807,20.04012036108325
334,3.691554,3.7061205,20.100300902708124
335,4.436100000000001,4.4498367,20.160481444332998
336,2.682994,2.6954725,20.22066198595787
337,2.685303,2.7069216,20.28084252758275
338,3.0421660000000004,3.0766313,20.341023069207623
339,1.921479,1.9142046,20.401203610832496
340,3.809028,3.8145373,20.46138415245737
341,2.52209,2.531817,20.521564694082247
342,2.183444,2.1869977,20.58174523570712
343,3.069137,3.0881484,20.641925777331995
344,2.587385,2.5976353,20.70210631895687
345,4.148143000000001,4.161169,20.762286860581746
346,3.0415479999999997,3.0842698,20.82246740220662
347,3.002856,3.0089624,20.882647943831493
348,2.864427,2.877445,20.942828485456367
349,1.411684,1.4324471,21.003009027081244
350,3.627273,3.6420908,21.063189568706118
351,6.3331919999999995,6.331055,21.123370110330992
352,4.98925,5.005388,21.183550651955866
353,2.528634,2.5638885,21.243731193580743
354,2.826799,2.8281765,21.303911735205617
355,3.181746,3.167973,21.36409227683049
356,2.484832,2.4887893,21.424272818455364
357,4.054529,4.071357,21.48445336008024
358,6.751176000000001,6.740231,21.544633901705115
359,5.152153000000001,5.173378,21.60481444332999
360,12.828686,12.831878,21.664994984954863
361,1.361908,1.375393,21.72517552657974
362,2.482457,2.4944055,21.785356068204614
363,2.587617,2.6164055,21.845536609829487
364,2.949479,2.95887,21.90571715145436
365,1.795489,1.804022,21.96589769307924
366,3.912966,3.918839,22.026078234704112
367,1.783791,1.7780142,22.086258776328986
368,2.000076,1.9980878,22.14643931795386
369,1.582875,1.5933808,22.206619859578737
370,49.90708399999999,50.388718,22.26680040120361
371,3.791704,3.7969227,22.326980942828484
372,3.628814,3.634192,22.387161484453358
373,2.388945,2.3876243,22.447342026078235
374,2.240685,2.2489288,22.50752256770311
375,2.486872,2.4833672,22.567703109327983
376,11.153921,11.179699,22.627883650952857
377,10.484487,10.49903,22.688064192577734
378,2.414559,2.4144392,22.748244734202608
379,4.35383,4.380338,22.80842527582748
380,1.5625279999999997,1.5743147,22.868605817452355
381,5.985941,5.999895,22.928786359077233
382,3.419582,3.4333968,22.988966900702106
383,11.257464,11.26306,23.04914744232698
384,3.3146889999999996,3.3254771,23.109327983951854
385,2.838716,2.8407173,23.169508525576727
386,3.424244,3.4311452,23.229689067201605
387,5.294871,5.300626,23.28986960882648
388,3.669493,3.6923165,23.350050150451352
389,2.707578,2.7210867,23.410230692076226
390,7.354394,7.337455,23.470411233701103
391,5.296092000000001,5.3052735,23.530591775325977
392,2.472905,2.4810703,23.59077231695085
393,1.653921,1.6609564,23.650952858575724
394,3.35076,3.376497,23.711133400200602
395,3.013756,3.008345,23.771313941825476
396,1.48461,1.4923178,23.83149448345035
397,4.284032000000001,4.310746,23.891675025075223
398,3.153713,3.1525195,23.9518555667001
399,8.98818,9.002013,24.012036108324974
400,2.88802,2.8847377,24.072216649949848
401,4.039607,4.0349765,24.13239719157472
402,2.229728,2.2338517,24.1925777331996
403,3.401088,3.402689,24.252758274824473
404,4.008085,4.001469,24.312938816449346
405,4.5340810000000005,4.5426073,24.37311935807422
406,4.199763,4.197193,24.433299899699097
407,4.696547000000001,4.6851006,24.49348044132397
408,4.971166,4.984699,24.553660982948845
409,7.363850000000001,7.3704877,24.61384152457372
410,4.501814,4.5336857,24.674022066198596
411,1.76133,1.7356662,24.73420260782347
412,5.242334,5.2454524,24.794383149448343
413,2.782829,2.7958503,24.854563691073217
414,2.859623,2.8604038,24.914744232698094
415,3.158743,3.171509,24.974924774322968
416,2.116035,2.1151683,25.035105315947842
417,3.47389,3.4667215,25.095285857572716
418,4.167987000000001,4.1871815,25.155466399197593
419,3.084451,3.0823736,25.215646940822467
420,25.591735999999997,25.611172,25.27582748244734
421,10.489827,10.522015,25.336008024072214
422,4.630223,4.6651535,25.39618856569709
423,1.64796,1.6591395,25.456369107321965
424,8.233037,8.255606,25.51654964894684
425,1.972994,1.9800965,25.576730190571713
426,2.747059,2.7559407,25.63691073219659
427,10.828501,10.884961,25.697091273821464
428,2.676397,2.6797369,25.757271815446337
429,4.361632000000001,4.3629813,25.81745235707121
430,9.847807,9.919238,25.87763289869609
431,3.9734979999999998,3.987985,25.937813440320962
432,2.580398,2.584208,25.997993981945836
433,17.196418,17.204374,26.05817452357071
434,1.637982,1.6394291,26.118355065195587
435,3.932323,3.9344826,26.17853560682046
436,4.062003,4.101838,26.238716148445334
437,2.456668,2.454265,26.298896690070208
438,2.42331,2.4572914,26.359077231695085
439,2.459661,2.4633238,26.41925777331996
440,4.930403,4.921285,26.479438314944833
441,3.532393,3.533276,26.539618856569707
442,3.8404600000000007,3.8539498,26.599799398194584
443,5.622495,5.642637,26.659979939819458
444,2.680221,2.6799607,26.72016048144433
445,3.3942880000000004,3.3862271,26.780341023069205
446,2.674836,2.6890604,26.840521564694082
447,3.553742,3.5648603,26.900702106318956
448,2.978234,2.9644506,26.96088264794383
449,4.319898000000001,4.3270564,27.021063189568704
450,3.645328,3.6352484,27.08124373119358
451,2.46985,2.4747007,27.141424272818455
452,3.127014,3.1414654,27.20160481444333
453,2.717937,2.7148771,27.261785356068202
454,2.47655,2.474814,27.32196589769308
455,3.862481,3.8682196,27.382146439317953
456,6.213425,6.241918,27.442326980942827
457,5.913189,5.933301,27.5025075225677
458,3.2029890000000005,3.2094998,27.562688064192578
459,2.229212,2.2238712,27.62286860581745
460,2.626626,2.6414886,27.683049147442325
461,3.664413,3.6519256,27.7432296890672
462,2.396044,2.403837,27.803410230692077
463,3.1900600000000003,3.200325,27.86359077231695
464,2.023668,2.0402956,27.923771313941824
465,4.04877,4.0351887,27.983951855566698
466,4.476872,4.472221,28.044132397191575
467,4.568031,4.574112,28.10431293881645
468,9.218581,9.206423,28.164493480441323
469,6.987189,6.99748,28.224674022066196
470,3.770408,3.7869747,28.284854563691074
471,3.760357,3.7679906,28.345035105315947
472,18.465682,18.498653,28.40521564694082
473,2.506542,2.5091157,28.465396188565695
474,3.003611,3.0286772,28.525576730190572
475,2.720924,2.7187471,28.585757271815446
476,2.347498,2.3527927,28.64593781344032
477,3.015258,3.0401049,28.706118355065193
478,3.6015370000000004,3.615004,28.76629889669007
479,5.690666000000001,5.715384,28.826479438314944
480,5.259325,5.2654514,28.886659979939818
481,2.769301,2.7707586,28.946840521564692
482,3.6653710000000004,3.6789076,29.00702106318957
483,9.350376,9.392055,29.067201604814443
484,2.106385,2.1069195,29.127382146439317
485,3.064292,3.0733051,29.18756268806419
486,3.560515,3.579286,29.247743229689068
487,4.305341000000001,4.3059936,29.30792377131394
488,3.871171,3.868626,29.368104312938815
489,4.387293,4.3777,29.42828485456369
490,2.877734,2.8771477,29.488465396188566
491,4.183664,4.200188,29.54864593781344
492,2.426698,2.4349442,29.608826479438314
493,4.272431,4.27792,29.669007021063187
494,4.139663,4.1569467,29.729187562688065
495,2.492135,2.5039427,29.78936810431294
496,3.547725,3.5605116,29.849548645937812
497,5.054295,5.0555468,29.909729187562686
498,4.134657000000001,4.1415267,29.969909729187563
499,12.590037,12.592225,30.030090270812437
500,3.380859,3.3784132,30.09027081243731
501,5.731634000000001,5.7382097,30.150451354062184
502,5.268054,5.2780647,30.21063189568706
503,4.281851,4.2612906,30.270812437311935
504,4.120974000000001,4.120015,30.33099297893681
505,2.650963,2.645908,30.391173520561683
506,3.762541,3.7638712,30.45135406218656
507,7.316444999999999,7.336353,30.511534603811434
508,3.06231,3.0700736,30.571715145436308
509,3.0539469999999995,3.0618176,30.63189568706118
510,5.848980000000001,5.8577757,30.69207622868606
511,1.942686,1.9545517,30.752256770310932
512,2.906464,2.898202,30.812437311935806
513,7.033388,7.0512543,30.87261785356068
514,3.7680339999999997,3.7849977,30.932798395185554
515,1.774918,1.7797191,30.99297893681043
516,7.797683,7.8150945,31.053159478435305
517,9.889977,9.920269,31.11334002006018
518,3.412756,3.4206946,31.173520561685052
519,5.57194,5.5762763,31.23370110330993
520,2.940959,2.9484065,31.293881644934803
521,2.861931,2.8458636,31.354062186559677
522,3.711768,3.7561421,31.41424272818455
523,3.193937,3.2168663,31.474423269809428
524,6.935208,6.959985,31.5346038114343
525,3.4432870000000007,3.4736376,31.594784353059175
526,4.1888380000000005,4.245347,31.65496489468405
527,1.686936,1.7073572,31.715145436308926
528,2.682833,2.6909764,31.7753259779338
529,2.424996,2.4281213,31.835506519558674
530,9.686536,9.686412,31.895687061183548
531,2.841591,2.853458,31.955867602808425
532,1.8473929999999998,1.8733308,32.0160481444333
533,3.877349,3.8909194,32.07622868605817
534,3.2519930000000006,3.2535188,32.136409227683046
535,4.776212,4.7573266,32.19658976930792
536,3.2699500000000006,3.2652934,32.256770310932794
537,1.806349,1.8213704,32.316950852557675
538,2.778904,2.7851474,32.37713139418255
539,1.384903,1.3860646,32.43731193580742
540,3.248301,3.2541687,32.497492477432296
541,4.109426,4.1016216,32.55767301905717
542,4.266368,4.306141,32.61785356068204
543,2.643345,2.6515357,32.67803410230692
544,3.574517,3.5920181,32.73821464393179
545,4.7639190000000005,4.7737503,32.79839518555667
546,2.711592,2.7118595,32.858575727181545
547,5.521723000000001,5.516062,32.91875626880642
548,2.288742,2.3003922,32.97893681043129
549,2.669843,2.6757917,33.03911735205617
550,4.260117000000001,4.247907,33.09929789368104
551,3.858569,3.8586185,33.159478435305914
552,13.926499,13.971701,33.21965897693079
553,4.949997,4.9454365,33.27983951855567
554,4.50985,4.5150886,33.34002006018054
555,1.877141,1.8817438,33.400200601805416
556,3.263694,3.3137362,33.46038114343029
557,3.688657,3.6998544,33.52056168505516
558,3.360563,3.3727205,33.58074222668004
559,5.269622,5.2607713,33.64092276830491
560,2.896136,2.905322,33.701103309929785
561,2.432079,2.4293633,33.761283851554666
562,3.0282180000000003,3.0315986,33.82146439317954
563,2.192576,2.1900365,33.88164493480441
564,2.842191,2.8414423,33.94182547642929
565,2.774417,2.7860353,34.00200601805416
566,5.93116,5.9384894,34.062186559679034
567,2.085193,2.0805733,34.12236710130391
568,3.4593300000000005,3.4547472,34.18254764292878
569,2.176315,2.1843128,34.24272818455366
570,4.000771,4.0137167,34.302908726178536
571,9.147509,9.131543,34.36308926780341
572,4.0456,4.0337243,34.423269809428284
573,2.587121,2.5962913,34.48345035105316
574,4.755025000000001,4.7467895,34.54363089267803
575,2.149984,2.1590712,34.603811434302905
576,2.567581,2.5858152,34.66399197592778
577,3.177444,3.1835728,34.72417251755266
578,3.255497,3.2612123,34.78435305917753
579,2.791877,2.823975,34.84453360080241
580,2.14209,2.1528063,34.90471414242728
581,5.013905,5.023311,34.964894684052155
582,2.110741,2.1190073,35.02507522567703
583,1.956778,1.9742084,35.0852557673019
584,6.638569,6.634113,35.145436308926776
585,31.617875,31.693739,35.20561685055166
586,3.2086210000000004,3.2082436,35.26579739217653
587,13.935312999999999,13.958343,35.325977933801404
588,2.07224,2.0638409,35.38615847542628
589,4.336156,4.3368163,35.44633901705115
590,2.550286,2.5552235,35.506519558676025
591,4.977298000000001,4.9895105,35.5667001003009
592,4.400844,4.4110103,35.62688064192577
593,2.65272,2.6716623,35.687061183550654
594,4.813883000000001,4.8159895,35.74724172517553
595,2.627422,2.626934,35.8074222668004
596,3.766077,3.780949,35.867602808425275
597,3.313602,3.321859,35.92778335005015
598,1.826143,1.8321468,35.98796389167502
599,4.489785,4.505591,36.048144433299896
600,2.902937,2.9587805,36.10832497492477
601,2.526795,2.5399299,36.16850551654965
602,2.708171,2.737315,36.228686058174524
603,2.881165,2.898069,36.2888665997994
604,5.065764,5.089346,36.34904714142427
605,2.917656,2.9280982,36.409227683049146
606,2.109977,2.1110914,36.46940822467402
607,2.784999,2.7906504,36.52958876629889
608,1.951558,1.957037,36.58976930792377
609,4.556655000000001,4.578142,36.64994984954865
610,1.796778,1.8082093,36.71013039117352
611,3.095332,3.1166387,36.770310932798395
612,41.16031,41.334774,36.83049147442327
613,2.494196,2.5014193,36.89067201604814
614,1.9579779999999998,1.9697038,36.95085255767302
615,3.1368710000000006,3.1490626,37.01103309929789
616,4.455259000000001,4.461025,37.071213640922764
617,2.853653,2.8556075,37.131394182547645
618,3.159463,3.1471736,37.19157472417252
619,3.307523,3.3183753,37.25175526579739
620,2.059454,2.0808947,37.311935807422266
621,4.088676,4.128425,37.37211634904714
622,4.146316,4.153548,37.43229689067201
623,7.207071,7.2214503,37.49247743229689
624,3.6175849999999996,3.634247,37.55265797392176
625,4.618502,4.6178308,37.61283851554664
626,4.315977000000001,4.330682,37.673019057171516
627,2.458028,2.4769168,37.73319959879639
628,2.263706,2.273444,37.79338014042126
629,1.974343,1.9879133,37.85356068204614
630,2.364865,2.3823478,37.91374122367101
631,21.736539,21.847446,37.973921765295884
632,4.564449,4.562568,38.03410230692076
633,2.811123,2.8157957,38.09428284854564
634,3.481303,3.4963276,38.15446339017051
635,4.148022000000001,4.140963,38.214643931795386
636,2.960825,2.9630642,38.27482447342026
637,2.876577,2.8789475,38.335005015045134
638,2.410855,2.4271047,38.39518555667001
639,4.696506,4.723927,38.45536609829488
640,1.950855,1.9732738,38.515546639919755
641,2.965842,2.9715056,38.57572718154463
642,10.827039,10.833405,38.63590772316951
643,2.144074,2.1523857,38.69608826479438
644,2.506308,2.5145805,38.75626880641926
645,3.53503,3.5381787,38.81644934804413
646,1.9222879999999998,1.9089935,38.876629889669005
647,1.726679,1.7346494,38.93681043129388
648,4.922843,4.9214735,38.99699097291875
649,4.155444,4.1606,39.057171514543626
650,2.041658,2.041165,39.11735205616851
651,2.88029,2.8893118,39.17753259779338
652,4.78775,4.7954645,39.237713139418254
653,4.067553,4.088167,39.29789368104313
654,2.431997,2.443799,39.358074222668
655,3.190279,3.2032704,39.418254764292875
656,2.361641,2.3592303,39.47843530591775
657,2.270275,2.2728605,39.53861584754262
658,2.617812,2.6136158,39.598796389167504
659,4.156204,4.1647377,39.65897693079238
660,3.32082,3.3209527,39.71915747241725
661,3.387486,3.3960335,39.779338014042125
662,4.361029,4.3773446,39.839518555667
663,39.583043,40.365364,39.89969909729187
664,3.456179,3.4728658,39.959879638916746
665,3.158835,3.1663263,40.02006018054162
666,2.154038,2.1566863,40.0802407221665
667,2.176904,2.1841316,40.140421263791374
668,3.6832919999999993,3.6703756,40.20060180541625
669,4.207728000000001,4.202811,40.26078234704112
670,2.104875,2.1185455,40.320962888665996
671,2.029624,2.046089,40.38114343029087
672,3.9033319999999994,3.9373162,40.44132397191574
673,2.52896,2.5313342,40.50150451354062
674,10.488563,10.508107,40.5616850551655
675,2.015742,2.0219998,40.62186559679037
676,5.737677000000001,5.7492414,40.682046138415245
677,5.378044,5.4017367,40.74222668004012
678,3.2790609999999996,3.2579737,40.80240722166499
679,2.836494,2.8647215,40.862587763289866
680,6.123280000000001,6.142411,40.92276830491474
681,9.221528,9.230898,40.982948846539614
682,34.021112,33.966915,41.043129388164495
683,2.34844,2.3592274,41.10330992978937
684,16.05259,16.109547,41.16349047141424
685,2.834176,2.8504884,41.223671013039116
686,3.683183,3.6964161,41.28385155466399
687,2.002926,1.9960755,41.34403209628886
688,3.9541760000000004,3.9569983,41.40421263791374
689,3.418105,3.4507241,41.46439317953861
690,3.998341,4.0154257,41.52457372116349
691,2.989649,2.995215,41.584754262788366
692,2.388211,2.4026418,41.64493480441324
693,2.821256,2.811998,41.70511534603811
694,13.431723999999999,13.451426,41.76529588766299
695,2.749844,2.7486281,41.82547642928786
696,2.448507,2.4488811,41.885656970912734
697,3.143338,3.1477003,41.94583751253761
698,3.447223,3.4561121,42.00601805416249
699,2.084156,2.0939171,42.06619859578736
700,5.318929,5.3210897,42.126379137412236
701,5.384024,5.400298,42.18655967903711
702,4.537997,4.5496764,42.246740220661984
703,2.073846,2.0792067,42.30692076228686
704,3.682634,3.7010112,42.36710130391173
705,2.588169,2.603621,42.427281845536605
706,10.354622,10.341508,42.487462387161486
707,5.584530000000001,5.582656,42.54764292878636
708,2.256711,2.262254,42.60782347041123
709,2.116263,2.117883,42.66800401203611
710,5.200410000000001,5.2230186,42.72818455366098
711,5.767205,5.7957625,42.788365095285855
712,3.090662,3.1012657,42.84854563691073
713,2.700577,2.7153556,42.9087261785356
714,1.540637,1.5503291,42.96890672016048
715,2.191578,2.2082107,43.02908726178536
716,2.084411,2.087614,43.08926780341023
717,2.910712,2.9039285,43.149448345035104
718,4.941847,4.963173,43.20962888665998
719,2.546857,2.548003,43.26980942828485
720,43.723226,43.63984,43.329989969909725
721,3.3113909999999995,3.327937,43.3901705115346
722,3.138867,3.1516867,43.45035105315948
723,3.895803,3.905219,43.510531594784354
724,5.184851,5.194615,43.57071213640923
725,1.724575,1.7386342,43.6308926780341
726,4.656740000000001,4.70963,43.691073219658975
727,9.324391,9.338746,43.75125376128385
728,4.391686,4.3902946,43.81143430290872
729,3.3077650000000003,3.3231885,43.871614844533596
730,1.525993,1.5247899,43.93179538615848
731,2.463556,2.4698634,43.99197592778335
732,8.35016,8.375289,44.052156469408224
733,1.731909,1.7455277,44.1123370110331
734,4.782924,4.7849417,44.17251755265797
735,3.213076,3.2198145,44.232698094282846
736,3.1466049999999997,3.166142,44.29287863590772
737,2.73293,2.7441788,44.35305917753259
738,2.109989,2.1032631,44.413239719157474
739,2.942505,2.9501793,44.47342026078235
740,3.199731,3.202439,44.53360080240722
741,1.9518250000000001,1.9389621,44.593781344032095
742,3.7843499999999994,3.773876,44.65396188565697
743,2.693195,2.7013888,44.71414242728184
744,2.01471,2.0119526,44.774322968906716
745,3.7767749999999998,3.7995977,44.83450351053159
746,3.200944,3.2076943,44.89468405215647
747,3.3843850000000004,3.389191,44.954864593781345
748,1.175012,1.1818314,45.01504513540622
749,3.5766700000000005,3.5958683,45.07522567703109
750,4.911728,4.9188933,45.135406218655966
751,3.21135,3.214327,45.19558676028084
752,2.93984,2.9475596,45.25576730190571
753,4.256283000000001,4.2655034,45.31594784353059
754,3.397902,3.4139144,45.37612838515547
755,3.3860729999999997,3.3944886,45.43630892678034
756,1.9816380000000002,1.9791207,45.496489468405215
757,8.655459,8.686493,45.55667001003009
758,4.124593000000001,4.136998,45.61685055165496
759,2.739932,2.7521894,45.67703109327984
760,10.259404,10.254895,45.73721163490471
761,2.654377,2.6400766,45.797392176529584
762,3.309618,3.317411,45.857572718154465
763,3.276535,3.2671003,45.91775325977934
764,2.60317,2.6143067,45.97793380140421
765,3.429563,3.4527717,46.038114343029086
766,2.923814,2.9404283,46.09829488465396
767,5.883471000000001,5.906462,46.158475426278834
768,2.259836,2.270105,46.21865596790371
769,2.175383,2.1854002,46.27883650952858
770,10.691325,10.712496,46.339017051153455
771,2.418161,2.4172616,46.399197592778336
772,7.991597,7.9603577,46.45937813440321
773,6.237563000000001,6.247476,46.51955867602808
774,2.756422,2.7494395,46.57973921765296
775,9.191861,9.214274,46.63991975927783
776,1.708118,1.7088568,46.700100300902704
777,7.287891000000001,7.275277,46.76028084252758
778,2.549169,2.5657904,46.82046138415245
779,19.054405,19.052706,46.88064192577733
780,3.4749860000000004,3.4691644,46.94082246740221
781,3.9156979999999995,3.8988652,47.00100300902708
782,4.55189,4.567485,47.061183550651954
783,7.504178999999999,7.53935,47.12136409227683
784,1.919724,1.9300733,47.1815446339017
785,6.043987,6.071147,47.241725175526575
786,2.37807,2.3969533,47.30190571715145
787,13.281842,13.303323,47.36208625877633
788,3.706111,3.7250266,47.422266800401204
789,4.249092,4.251892,47.48244734202608
790,1.417661,1.4271184,47.54262788365095
791,3.7331620000000005,3.7233698,47.602808425275825
792,2.605109,2.6379824,47.6629889669007
793,2.628452,2.6466331,47.72316950852557
794,3.7462070000000005,3.7555263,47.783350050150446
795,3.892047,3.9125955,47.84353059177533
796,2.9799740000000003,2.9834006,47.9037111334002
797,3.3088999999999995,3.3296275,47.963891675025074
798,3.4157420000000003,3.42867,48.02407221664995
799,3.0042829999999996,3.0101774,48.08425275827482
800,1.698344,1.6979176,48.144433299899696
801,4.221083,4.2336473,48.20461384152457
802,1.919487,1.9272298,48.26479438314944
803,3.873389,3.896285,48.324974924774324
804,3.48723,3.493113,48.3851554663992
805,2.509179,2.5238926,48.44533600802407
806,1.98111,1.9861729,48.505516549648945
807,4.441982,4.4464364,48.56569709127382
808,2.018681,2.0275283,48.62587763289869
809,3.396662,3.4093332,48.686058174523566
810,3.33687,3.3342624,48.74623871614844
811,1.554127,1.5686051,48.80641925777332
812,6.360619999999999,6.357554,48.866599799398195
813,4.384511000000001,4.4088354,48.92678034102307
814,2.026767,2.0393128,48.98696088264794
815,3.976167,4.0136557,49.047141424272816
816,5.753723,5.76911,49.10732196589769
817,4.574833,4.5754433,49.16750250752256
818,1.536403,1.5391746,49.22768304914744
819,3.146095,3.1328287,49.28786359077232
820,4.449835000000001,4.4675646,49.34804413239719
821,7.005186,7.0142746,49.408224674022065
822,1.459361,1.4697808,49.46840521564694
823,2.103404,2.0929089,49.52858575727181
824,2.202999,2.2305083,49.58876629889669
825,5.183086,5.20213,49.64894684052156
826,1.9031290000000003,1.9180748,49.709127382146434
827,2.275886,2.273679,49.769307923771315
828,2.291085,2.3059843,49.82948846539619
829,5.372521,5.396595,49.88966900702106
830,3.277006,3.2975774,49.949849548645936
831,5.681416,5.7006145,50.01003009027081
832,3.4213780000000003,3.4292562,50.070210631895684
833,2.755127,2.8515873,50.13039117352056
834,3.367695,3.3757296,50.19057171514543
835,2.285837,2.2971675,50.25075225677031
836,2.271154,2.2800853,50.310932798395186
837,10.591878,10.619018,50.37111334002006
838,2.568984,2.5701392,50.43129388164493
839,8.828253,8.864628,50.49147442326981
840,3.953647,3.960411,50.55165496489468
841,4.121208,4.130566,50.611835506519554
842,2.550648,2.5686834,50.67201604814443
843,5.397776,5.411253,50.73219658976931
844,4.956198,4.967209,50.79237713139418
845,2.468998,2.475083,50.85255767301906
846,2.74429,2.7355957,50.91273821464393
847,2.423217,2.4279869,50.972918756268804
848,3.2449320000000004,3.257658,51.03309929789368
849,2.661931,2.6692283,51.09327983951855
850,2.52871,2.5265775,51.153460381143425
851,5.908362000000001,5.8963184,51.213640922768306
852,1.5037990000000003,1.5115595,51.27382146439318
853,8.808643,8.83494,51.33400200601805
854,2.899082,2.914668,51.39418254764293
855,2.768491,2.7728913,51.4543630892678
856,2.721287,2.7311423,51.514543630892675
857,3.4153400000000005,3.426468,51.57472417251755
858,2.717553,2.7225182,51.63490471414242
859,3.664424,3.66358,51.6950852557673
860,3.9942649999999995,3.993669,51.75526579739218
861,3.537156,3.5666928,51.81544633901705
862,1.5981530000000002,1.5989616,51.875626880641924
863,3.52895,3.562623,51.9358074222668
864,2.73381,2.7297459,51.99598796389167
865,2.487787,2.4888048,52.056168505516546
866,3.2507399999999995,3.2795718,52.11634904714142
867,3.704159,3.7079558,52.1765295887663
868,1.994506,1.9854988,52.236710130391174
869,2.573691,2.5784998,52.29689067201605
870,3.9380860000000006,3.957348,52.35707121364092
871,13.0297,13.034435,52.417251755265795
872,3.564082,3.576325,52.47743229689067
873,3.715689,3.722285,52.53761283851554
874,4.971893000000001,4.9882474,52.597793380140416
875,2.79566,2.7982166,52.6579739217653
876,2.93025,2.956032,52.71815446339017
877,5.68651,5.6934915,52.778335005015045
878,2.852277,2.865227,52.83851554663992
879,7.205766,7.220968,52.89869608826479
880,2.731207,2.747828,52.958876629889666
881,2.335196,2.3424923,53.01905717151454
882,1.59225,1.5987747,53.07923771313941
883,2.890258,2.8969488,53.139418254764294
884,3.2489580000000005,3.273865,53.19959879638917
885,3.002957,3.0077403,53.25977933801404
886,2.776451,2.7927687,53.319959879638915
887,3.572745,3.580923,53.38014042126379
888,7.168036,7.215598,53.44032096288866
889,6.010420000000001,6.00419,53.50050150451354
890,2.15606,2.161627,53.56068204613841
891,4.798502000000001,4.8028493,53.62086258776329
892,3.773336,3.783971,53.681043129388165
893,1.638169,1.6472883,53.74122367101304
894,2.637176,2.6435475,53.80140421263791
895,2.217975,2.229602,53.861584754262786
896,3.923164,3.923801,53.92176529588766
897,4.522709,4.5299277,53.981945837512534
898,1.851464,1.8568461,54.04212637913741
899,6.915669,6.916507,54.10230692076228
900,1.814557,1.8231575,54.16248746238716
901,1.727845,1.7278692,54.222668004012036
902,2.163245,2.1610353,54.28284854563691
903,3.40039,3.416156,54.34302908726178
904,3.371261,3.381428,54.40320962888666
905,2.709792,2.7169063,54.46339017051153
906,2.547952,2.5593371,54.523570712136404
907,3.38311,3.3804295,54.58375125376128
908,11.444051,11.479477,54.64393179538616
909,2.781061,2.7859645,54.70411233701103
910,3.018114,3.0216477,54.76429287863591
911,22.055311,22.20478,54.82447342026078
912,2.923078,2.9221692,54.884653961885654
913,7.957969,7.950751,54.94483450351053
914,2.330289,2.3483052,55.0050150451354
915,10.18017,10.2361965,55.065195586760275
916,8.541648,8.517303,55.125376128385156
917,5.829524000000001,5.83059,55.18555667001003
918,6.327361999999999,6.3546796,55.2457372116349
919,7.825123999999999,7.8517156,55.30591775325978
920,2.847917,2.8663712,55.36609829488465
921,3.851077,3.8654327,55.426278836509525
922,4.036055,4.0367646,55.4864593781344
923,2.391992,2.4018204,55.54663991975927
924,3.1719699999999995,3.1863582,55.60682046138415
925,2.717995,2.7438304,55.66700100300903
926,3.847177,3.8535109,55.7271815446339
927,2.556559,2.554742,55.787362086258774
928,2.183676,2.19436,55.84754262788365
929,2.410013,2.4177501,55.90772316950852
930,2.704896,2.7030811,55.967903711133395
931,6.947409,6.9549704,56.02808425275827
932,6.678588,6.695834,56.08826479438315
933,3.6232850000000005,3.6263142,56.148445336008024
934,39.758476,39.782555,56.2086258776329
935,4.9702210000000004,4.995108,56.26880641925777
936,2.872651,2.8857574,56.328986960882645
937,3.1362549999999993,3.1517463,56.38916750250752
938,8.499102,8.526674,56.44934804413239
939,4.344291000000001,4.351933,56.509528585757266
940,7.826827,7.8150787,56.56970912738215
941,3.396315,3.394868,56.62988966900702
942,4.253624000000001,4.244982,56.690070210631895
943,4.183937000000001,4.211977,56.75025075225677
944,2.044063,2.0757515,56.81043129388164
945,1.6776390000000003,1.6786942,56.870611835506516
946,13.288977000000001,13.356851,56.93079237713139
947,2.999406,2.9961483,56.99097291875626
948,1.347201,1.3546772,57.051153460381144
949,2.92626,2.9316783,57.11133400200602
950,2.56247,2.5665464,57.17151454363089
951,4.546159,4.5447526,57.231695085255765
952,3.533144,3.5476933,57.29187562688064
953,1.4944570000000001,1.5046703,57.35205616850551
954,8.474291,8.517488,57.41223671013039
955,4.374812,4.382209,57.47241725175526
956,3.748335,3.743239,57.53259779338014
957,4.023961,4.0116787,57.592778335005015
958,2.111232,2.1193442,57.65295887662989
959,3.371823,3.389647,57.71313941825476
960,1.5894760000000003,1.5956948,57.773319959879636
961,2.898843,2.9140394,57.83350050150451
962,2.115863,2.1207504,57.893681043129384
963,3.200055,3.216665,57.95386158475426
964,2.614126,2.6393006,58.01404212637914
965,3.438797,3.4528425,58.07422266800401
966,1.9186559999999997,1.9726379,58.134403209628886
967,3.7896760000000005,3.7992663,58.19458375125376
968,17.304307,17.364838,58.25476429287863
969,1.7380990000000003,1.7439941,58.31494483450351
970,3.055434,3.0846522,58.37512537612838
971,2.129908,2.1456764,58.435305917753254
972,2.613761,2.6165924,58.495486459378135
973,4.140045000000001,4.1529303,58.55566700100301
974,3.8664490000000002,3.874847,58.61584754262788
975,2.398662,2.4086008,58.676028084252756
976,3.182137,3.1870775,58.73620862587763
977,2.955313,2.966681,58.796389167502504
978,32.450037,32.722637,58.85656970912738
979,2.283264,2.2904341,58.91675025075225
980,1.9424930000000002,1.9535109,58.97693079237713
981,3.5526389999999997,3.5447917,59.037111334002006
982,2.55963,2.5473685,59.09729187562688
983,2.069812,2.0648067,59.15747241725175
984,3.545513,3.550381,59.21765295887663
985,2.235599,2.2397864,59.2778335005015
986,3.399171,3.3852656,59.338014042126375
987,8.99346,9.017135,59.39819458375125
988,3.216169,3.2297683,59.45837512537613
989,49.38386100000001,49.47528,59.518555667001
990,3.9596550000000006,3.9795551,59.57873620862588
991,4.363503,4.3769298,59.63891675025075
992,8.081804,8.1092415,59.699097291875624
993,2.344167,2.3552072,59.7592778335005
994,2.811703,2.8185925,59.81945837512537
995,3.01738,3.022711,59.879638916750245
996,1.5373190000000003,1.5567,59.939819458375126
997,2.25497,2.2821443,60.0
